name,percentage_insurance_employer,percentage_insurance_private,percentage_insurance_public,percentage_insurance_none
Austria,13.20754716981132,8.176100628930817,77.04402515723271,1.572327044025157
Belgium,24.334600760456272,20.53231939163498,53.2319391634981,1.9011406844106464
